"id","name","email","password","created_date"
1,"User Alpha","alpha.user@test.com","hashed_pass_01","2025-11-05 12:57:43"
2,"User Beta","beta.user@test.com","hashed_pass_02","2025-11-05 12:57:43"
3,"User Gamma","gamma.user@test.com","hashed_pass_03","2025-11-05 12:57:43"
4,"User Delta","delta.user@test.com","hashed_pass_04","2025-11-05 12:57:43"
5,"User Epsilon","epsilon.user@test.com","hashed_pass_05","2025-11-05 12:57:43"
6,"User Zeta","zeta.user@test.com","hashed_pass_06","2025-11-05 12:57:43"
7,"User Eta","eta.user@test.com","hashed_pass_07","2025-11-05 12:57:43"
8,"User Theta","theta.user@test.com","hashed_pass_08","2025-11-05 12:57:43"
9,"User Iota","iota.user@test.com","hashed_pass_09","2025-11-05 12:57:43"
10,"User Kappa","kappa.user@test.com","hashed_pass_10","2025-11-05 12:57:43"
